Brendan Kenny <bckenny@gmail.com> Brendan Kenny <bckenny@google.com>
Connor Clark <cjamcl@gmail.com> cjamcl <cjamcl@google.com>
Connor Clark <cjamcl@gmail.com> Connor Clark <cjamcl@google.com>
Patrick Hulce <patrick.hulce@gmail.com> Patrick Hulce <phulce@google.com>
Paul Irish <paul.irish@gmail.com> Paul Irish <paulirish@google.com>
Paul Lewis <github@aerotwist.com> Paul Lewis <gravatar@aerotwist.com>
